{
  "maupay nga aga": {
    "learn": 0.26349474436570025,
    "guess": 0.16773005735385446,
    "slip": 0.031953787288451094,
    "prior": 0.5,
    "difficulty": 0.0
  },
  "gihapon": {
    "learn": 0.25435244736577206,
    "guess": 0.16455744638462355,
    "slip": 0.032743809948544124,
    "prior": 0.5,
    "difficulty": 0.0
  },
  "kamusta ka": {
    "learn": 0.2552515600764253,
    "guess": 0.16608800898716738,
    "slip": 0.05150172015946225,
    "prior": 0.5,
    "difficulty": 0.0
  },
  "ikaw": {
    "learn": 0.25789877228369906,
    "guess": 0.13447961199476738,
    "slip": 0.0525690837985398,
    "prior": 0.5,
    "difficulty": 0.0
  },
  "okay la ako": {
    "learn": 0.2241063455631876,
    "guess": 0.17159348966382312,
    "slip": 0.06699389771434155,
    "prior": 0.5,
    "difficulty": 0.1
  },
  "maupay nga kulop": {
    "learn": 0.24554866862587205,
    "guess": 0.14858671595302622,
    "slip": 0.07171568059197367,
    "prior": 0.5,
    "difficulty": 0.1
  },
  "kulop": {
    "learn": 0.14555476857824526,
    "guess": 0.25404185674977603,
    "slip": 0.11876927587503855,
    "prior": 0.5,
    "difficulty": 0.6
  },
  "diri": {
    "learn": 0.22743592572801466,
    "guess": 0.15284904169051022,
    "slip": 0.049744080881041486,
    "prior": 0.5,
    "difficulty": 0.1
  },
  "it": {
    "learn": 0.22799754495547725,
    "guess": 0.15166796119930334,
    "slip": 0.04639062597266719,
    "prior": 0.5,
    "difficulty": 0.1
  },
  "gab-i": {
    "learn": 0.2122551889799842,
    "guess": 0.1844264880758811,
    "slip": 0.05450033729934499,
    "prior": 0.5,
    "difficulty": 0.2
  },
  "ano it imo ngaran?": {
    "learn": 0.22913078829988237,
    "guess": 0.18645436984408212,
    "slip": 0.061364297663936924,
    "prior": 0.5,
    "difficulty": 0.2
  },
  "imo ngaran": {
    "learn": 0.12053088204068278,
    "guess": 0.2707197169177327,
    "slip": 0.14572281131302137,
    "prior": 0.5,
    "difficulty": 0.8
  },
  "ako hi": {
    "learn": 0.22775487315854123,
    "guess": 0.1811827638582281,
    "slip": 0.08765710589414695,
    "prior": 0.5,
    "difficulty": 0.2
  },
  "damo nga salamat": {
    "learn": 0.1967021764877585,
    "guess": 0.20692377610353427,
    "slip": 0.07539071768331501,
    "prior": 0.5,
    "difficulty": 0.30000000000000004
  },
  "waray sapayan": {
    "learn": 0.2022405090432457,
    "guess": 0.17693257297582785,
    "slip": 0.06706231567155752,
    "prior": 0.5,
    "difficulty": 0.30000000000000004
  },
  "pasaylo-a ako": {
    "learn": 0.20053668400694957,
    "guess": 0.2129306626973929,
    "slip": 0.06469730859269333,
    "prior": 0.5,
    "difficulty": 0.30000000000000004
  },
  "maaram ka mag-english": {
    "learn": 0.1775529288336487,
    "guess": 0.21304156707787694,
    "slip": 0.10757744158602563,
    "prior": 0.5,
    "difficulty": 0.4
  },
  "diri ako makarit ha waray": {
    "learn": 0.2041563768865924,
    "guess": 0.2122259867011398,
    "slip": 0.08251872178975805,
    "prior": 0.5,
    "difficulty": 0.4
  },
  "ambot": {
    "learn": 0.1799781990004558,
    "guess": 0.19295820047511889,
    "slip": 0.0994368884457352,
    "prior": 0.5,
    "difficulty": 0.4
  },
  "hain ka?": {
    "learn": 0.19447235329529844,
    "guess": 0.21040820043790479,
    "slip": 0.07477547769353367,
    "prior": 0.5,
    "difficulty": 0.3
  },
  "hain ka": {
    "learn": 0.2383561299208279,
    "guess": 0.19956511706071572,
    "slip": 0.07792626660469026,
    "prior": 0.5,
    "difficulty": 0.2
  },
  "makain ka?": {
    "learn": 0.21926043354092006,
    "guess": 0.1777391540868964,
    "slip": 0.060653754374114785,
    "prior": 0.5,
    "difficulty": 0.3
  },
  "lakat kita": {
    "learn": 0.2225393989856957,
    "guess": 0.20039209486539752,
    "slip": 0.08062036252757376,
    "prior": 0.5,
    "difficulty": 0.3
  },
  "lakat": {
    "learn": 0.1053560527602901,
    "guess": 0.30907903064399067,
    "slip": 0.13629174961568896,
    "prior": 0.5,
    "difficulty": 1.0
  },
  "pakadto kita": {
    "learn": 0.20812667677405539,
    "guess": 0.19261409227752208,
    "slip": 0.07613126217363941,
    "prior": 0.5,
    "difficulty": 0.4
  },
  "para": {
    "learn": 0.19719762722910708,
    "guess": 0.21599847085401352,
    "slip": 0.08379698150898887,
    "prior": 0.5,
    "difficulty": 0.4
  },
  "tagpira it pasahe?": {
    "learn": 0.18761279896386412,
    "guess": 0.20192868749077225,
    "slip": 0.07668571754351282,
    "prior": 0.5,
    "difficulty": 0.4
  },
  "alayon": {
    "learn": 0.18410821925294843,
    "guess": 0.21364562989143113,
    "slip": 0.10307714790936096,
    "prior": 0.5,
    "difficulty": 0.5
  },
  "hirayo": {
    "learn": 0.1692976492336985,
    "guess": 0.2353722405100284,
    "slip": 0.09866794432161355,
    "prior": 0.5,
    "difficulty": 0.5
  },
  "hirani": {
    "learn": 0.19260341704693965,
    "guess": 0.20633946191025823,
    "slip": 0.10616265850684847,
    "prior": 0.5,
    "difficulty": 0.5
  },
  "aadi": {
    "learn": 0.1530088107590228,
    "guess": 0.25935205315911336,
    "slip": 0.0928314674395454,
    "prior": 0.5,
    "difficulty": 0.6000000000000001
  },
  "yana": {
    "learn": 0.15345591100971562,
    "guess": 0.2253635117894934,
    "slip": 0.11946692740143303,
    "prior": 0.5,
    "difficulty": 0.6000000000000001
  },
  "buwas": {
    "learn": 0.1729249694728579,
    "guess": 0.2596402633837054,
    "slip": 0.12666520571243453,
    "prior": 0.5,
    "difficulty": 0.6000000000000001
  },
  "san-o": {
    "learn": 0.1338248968401625,
    "guess": 0.24857111250342767,
    "slip": 0.10336179053403537,
    "prior": 0.5,
    "difficulty": 0.7
  },
  "hinay": {
    "learn": 0.14931124150129527,
    "guess": 0.23706692742806298,
    "slip": 0.1332936435344809,
    "prior": 0.5,
    "difficulty": 0.7
  },
  "maupay": {
    "learn": 0.17128700154736004,
    "guess": 0.24276463039215523,
    "slip": 0.09037473479554872,
    "prior": 0.5,
    "difficulty": 0.6
  },
  "ano ini": {
    "learn": 0.14320346127977004,
    "guess": 0.23823498062713291,
    "slip": 0.10190813022845363,
    "prior": 0.5,
    "difficulty": 0.6
  },
  "ano iton": {
    "learn": 0.1425643704949799,
    "guess": 0.2519581701250217,
    "slip": 0.1195557247237699,
    "prior": 0.5,
    "difficulty": 0.6
  },
  "iton": {
    "learn": 0.22657074984111394,
    "guess": 0.16605310609428062,
    "slip": 0.07377480107461273,
    "prior": 0.5,
    "difficulty": 0.2
  },
  "mapalit ako hin": {
    "learn": 0.1426550624941507,
    "guess": 0.2517881793136634,
    "slip": 0.1258755581535675,
    "prior": 0.5,
    "difficulty": 0.7
  },
  "mapalit": {
    "learn": 0.14813879760364623,
    "guess": 0.22343834124776532,
    "slip": 0.11686232382686476,
    "prior": 0.5,
    "difficulty": 0.6
  },
  "ngan": {
    "learn": 0.1311429424577692,
    "guess": 0.2622141945349846,
    "slip": 0.1064404783415578,
    "prior": 0.5,
    "difficulty": 0.7
  },
  "tagpira?": {
    "learn": 0.1625054551789856,
    "guess": 0.24934973705677727,
    "slip": 0.130290031932482,
    "prior": 0.5,
    "difficulty": 0.7
  },
  "tagpira nga tanan?": {
    "learn": 0.15454174539031423,
    "guess": 0.2619537375588221,
    "slip": 0.1386711275864171,
    "prior": 0.5,
    "difficulty": 0.7
  },
  "naruruyag ako hini": {
    "learn": 0.11815234410104591,
    "guess": 0.2831971183751629,
    "slip": 0.11085024418034245,
    "prior": 0.5,
    "difficulty": 0.8
  },
  "nadiri ako": {
    "learn": 0.12760463496894997,
    "guess": 0.26139564156889417,
    "slip": 0.13682251795885897,
    "prior": 0.5,
    "difficulty": 0.8
  },
  "ayaw na la": {
    "learn": 0.11683512411286126,
    "guess": 0.2630501742718979,
    "slip": 0.1291508338342164,
    "prior": 0.5,
    "difficulty": 0.8
  },
  "adi": {
    "learn": 0.12154502327449318,
    "guess": 0.278555970219441,
    "slip": 0.13028997728667616,
    "prior": 0.5,
    "difficulty": 0.9
  },
  "bayad": {
    "learn": 0.10553616464991894,
    "guess": 0.2821226619326044,
    "slip": 0.12158863969172794,